{"cameraMode":{"drawMode":0,"name":"Shaded","section":"Shading Mode"},"sceneLighting":true,"audioPlay":false,"sceneViewState":{"showFog":true,"showMaterialUpdate":true,"showSkybox":true,"showFlares":true,"showImageEffects":true,"showParticleSystems":true},"in2DMode":false,"pivot":{"x":-207.46221923828126,"y":-1328.351806640625,"z":3629.564453125},"rotation":{"x":0.19296766817569734,"y":-0.04560847207903862,"z":0.008979251608252526,"w":0.9801057577133179},"size":5673.51416015625,"orthographic":false}