{"cameraMode":{"drawMode":0,"name":"Shaded","section":"Shading Mode"},"sceneLighting":true,"audioPlay":false,"sceneViewState":{"showFog":true,"showMaterialUpdate":true,"showSkybox":true,"showFlares":true,"showImageEffects":true,"showParticleSystems":true},"in2DMode":false,"pivot":{"x":-1.3147499561309815,"y":-3.052793264389038,"z":17.0306396484375},"rotation":{"x":0.07437610626220703,"y":-0.030369937419891359,"z":0.004658638034015894,"w":0.9967709183692932},"size":22.0,"orthographic":false}