{"cameraMode":{"drawMode":0,"name":"Shaded","section":"Shading Mode"},"sceneLighting":true,"audioPlay":false,"sceneViewState":{"showFog":true,"showMaterialUpdate":true,"showSkybox":true,"showFlares":true,"showImageEffects":true,"showParticleSystems":true},"in2DMode":false,"pivot":{"x":4.964864253997803,"y":3.0608181953430177,"z":0.9370660781860352},"rotation":{"x":-0.03986145555973053,"y":0.9601380228996277,"z":-0.19593915343284608,"w":-0.19532856345176698},"size":10.0,"orthographic":false}