{"cameraMode":{"drawMode":0,"name":"Shaded","section":"Shading Mode"},"sceneLighting":true,"audioPlay":false,"sceneViewState":{"showFog":true,"showMaterialUpdate":true,"showSkybox":true,"showFlares":true,"showImageEffects":true,"showParticleSystems":true},"in2DMode":false,"pivot":{"x":-12.635248184204102,"y":8.866006851196289,"z":0.938334584236145},"rotation":{"x":0.18541449308395387,"y":0.7793916463851929,"z":-0.2722426950931549,"w":0.5330474972724915},"size":3.1562623977661135,"orthographic":false}