{"cameraMode":{"drawMode":0,"name":"Shaded","section":"Shading Mode"},"sceneLighting":true,"audioPlay":false,"sceneViewState":{"showFog":true,"showMaterialUpdate":true,"showSkybox":true,"showFlares":true,"showImageEffects":true,"showParticleSystems":true},"in2DMode":false,"pivot":{"x":-0.24826908111572267,"y":0.46263980865478518,"z":-0.05361032485961914},"rotation":{"x":-0.0790468156337738,"y":0.9018282890319824,"z":-0.18685956299304963,"w":-0.38149863481521609},"size":10.0,"orthographic":false}