{"cameraMode":{"drawMode":0,"name":"Shaded","section":"Shading Mode"},"sceneLighting":true,"audioPlay":false,"sceneViewState":{"showFog":true,"showMaterialUpdate":true,"showSkybox":true,"showFlares":true,"showImageEffects":true,"showParticleSystems":true},"in2DMode":false,"pivot":{"x":-16.027847290039064,"y":-4.725656986236572,"z":-0.9216381311416626},"rotation":{"x":-0.08916866034269333,"y":0.7305454015731812,"z":-0.09722664207220078,"w":-0.6700058579444885},"size":22.804346084594728,"orthographic":false}