{"cameraMode":{"drawMode":0,"name":"Shaded","section":"Shading Mode"},"sceneLighting":true,"audioPlay":false,"sceneViewState":{"showFog":true,"showMaterialUpdate":true,"showSkybox":true,"showFlares":true,"showImageEffects":true,"showParticleSystems":true},"in2DMode":false,"pivot":{"x":1.9954582452774048,"y":-0.212897390127182,"z":1.6297965049743653},"rotation":{"x":0.21183428168296815,"y":0.49126383662223818,"z":-0.12525543570518495,"w":0.8355765342712402},"size":4.341658592224121,"orthographic":false}