{"cameraMode":{"drawMode":0,"name":"Shaded","section":"Shading Mode"},"sceneLighting":true,"audioPlay":false,"sceneViewState":{"showFog":true,"showMaterialUpdate":true,"showSkybox":true,"showFlares":true,"showImageEffects":true,"showParticleSystems":true},"in2DMode":false,"pivot":{"x":-0.3152281641960144,"y":0.2970544993877411,"z":-7.207310676574707},"rotation":{"x":0.02308660000562668,"y":-0.06786982715129852,"z":0.015939004719257356,"w":0.9972997903823853},"size":4.642116069793701,"orthographic":false}