{"cameraMode":{"drawMode":0,"name":"Shaded","section":"Shading Mode"},"sceneLighting":false,"audioPlay":false,"sceneViewState":{"showFog":true,"showMaterialUpdate":true,"showSkybox":true,"showFlares":true,"showImageEffects":true,"showParticleSystems":true},"in2DMode":false,"pivot":{"x":-9.237305641174317,"y":-6.565517902374268,"z":1.2361546754837037},"rotation":{"x":-0.26667553186416628,"y":0.6150054931640625,"z":-0.23276105523109437,"w":-0.7046146392822266},"size":22.0,"orthographic":false}