{"cameraMode":{"drawMode":0,"name":"Shaded","section":"Shading Mode"},"sceneLighting":false,"audioPlay":false,"sceneViewState":{"showFog":false,"showMaterialUpdate":false,"showSkybox":false,"showFlares":false,"showImageEffects":false,"showParticleSystems":false},"in2DMode":false,"pivot":{"x":-6.10065221786499,"y":6.731958389282227,"z":-7.461124420166016},"rotation":{"x":0.2505105137825012,"y":0.6887035965919495,"z":-0.27779170870780947,"w":0.6211138963699341},"size":0.5715765357017517,"orthographic":false}