{"cameraMode":{"drawMode":0,"name":"Shaded","section":"Shading Mode"},"sceneLighting":true,"audioPlay":false,"sceneViewState":{"showFog":true,"showMaterialUpdate":true,"showSkybox":true,"showFlares":true,"showImageEffects":true,"showParticleSystems":true},"in2DMode":false,"pivot":{"x":-4.311298370361328,"y":-19.032733917236329,"z":39.96039581298828},"rotation":{"x":-0.24402888119220735,"y":0.09784168004989624,"z":-0.024754978716373445,"w":-0.9645020961761475},"size":55.30282211303711,"orthographic":false}