{"cameraMode":{"drawMode":0,"name":"Shaded","section":"Shading Mode"},"sceneLighting":false,"audioPlay":false,"sceneViewState":{"showFog":false,"showMaterialUpdate":false,"showSkybox":false,"showFlares":false,"showImageEffects":false,"showParticleSystems":false},"in2DMode":false,"pivot":{"x":2.905951499938965,"y":1.027490496635437,"z":3.9737157821655275},"rotation":{"x":0.05967196077108383,"y":-0.9121025204658508,"z":0.1434539258480072,"w":0.37942272424697878},"size":2.857884645462036,"orthographic":false}