{"cameraMode":{"drawMode":0,"name":"Shaded","section":"Shading Mode"},"sceneLighting":true,"audioPlay":false,"sceneViewState":{"showFog":true,"showMaterialUpdate":true,"showSkybox":true,"showFlares":true,"showImageEffects":true,"showParticleSystems":true},"in2DMode":false,"pivot":{"x":-10.109932899475098,"y":-8.157605171203614,"z":4.4976067543029789},"rotation":{"x":-0.2790648937225342,"y":0.4509936571121216,"z":-0.15086250007152558,"w":-0.8342475891113281},"size":22.0,"orthographic":false}