{"cameraMode":{"drawMode":0,"name":"Shaded","section":"Shading Mode"},"sceneLighting":false,"audioPlay":false,"sceneViewState":{"showFog":false,"showMaterialUpdate":false,"showSkybox":false,"showFlares":false,"showImageEffects":false,"showParticleSystems":false},"in2DMode":false,"pivot":{"x":9.798529624938965,"y":5.660365104675293,"z":-7.103262901306152},"rotation":{"x":0.1639789342880249,"y":-0.4672195017337799,"z":0.08864586800336838,"w":0.864288330078125},"size":2.8999624252319338,"orthographic":false}