{"cameraMode":{"drawMode":0,"name":"Shaded","section":"Shading Mode"},"sceneLighting":true,"audioPlay":false,"sceneViewState":{"showFog":true,"showMaterialUpdate":true,"showSkybox":true,"showFlares":true,"showImageEffects":true,"showParticleSystems":true},"in2DMode":false,"pivot":{"x":-3.048478126525879,"y":-2.8148305416107179,"z":6.398177146911621},"rotation":{"x":0.2124234139919281,"y":-0.24192678928375245,"z":0.0705537497997284,"w":0.9441246390342712},"size":25.105653762817384,"orthographic":false}