{"cameraMode":{"drawMode":0,"name":"Shaded","section":"Shading Mode"},"sceneLighting":true,"audioPlay":false,"sceneViewState":{"showFog":true,"showMaterialUpdate":true,"showSkybox":true,"showFlares":true,"showImageEffects":true,"showParticleSystems":true},"in2DMode":false,"pivot":{"x":-2.8659744262695314,"y":-2.4774367809295656,"z":2.3698930740356447},"rotation":{"x":-0.05952267348766327,"y":0.26679664850234988,"z":-0.01651216484606266,"w":-0.9617745280265808},"size":21.82234001159668,"orthographic":false}