{"cameraMode":{"drawMode":0,"name":"Shaded","section":"Shading Mode"},"sceneLighting":true,"audioPlay":false,"sceneViewState":{"showFog":true,"showMaterialUpdate":true,"showSkybox":true,"showFlares":true,"showImageEffects":true,"showParticleSystems":true},"in2DMode":false,"pivot":{"x":0.3967460095882416,"y":-5.608005523681641,"z":15.580523490905762},"rotation":{"x":0.1750403344631195,"y":0.01660620979964733,"z":0.012511479668319226,"w":0.9843552112579346},"size":22.0,"orthographic":false}