{"cameraMode":{"drawMode":0,"name":"Shaded","section":"Shading Mode"},"sceneLighting":true,"audioPlay":false,"sceneViewState":{"showFog":true,"showMaterialUpdate":true,"showSkybox":true,"showFlares":true,"showImageEffects":true,"showParticleSystems":true},"in2DMode":false,"pivot":{"x":5.651181697845459,"y":7.995562553405762,"z":-10.702244758605957},"rotation":{"x":-0.2519128620624542,"y":0.3331117033958435,"z":-0.09284307807683945,"w":-0.9038625955581665},"size":3.157883644104004,"orthographic":false}