{"cameraMode":{"drawMode":0,"name":"Shaded","section":"Shading Mode"},"sceneLighting":true,"audioPlay":false,"sceneViewState":{"showFog":true,"showMaterialUpdate":true,"showSkybox":true,"showFlares":true,"showImageEffects":true,"showParticleSystems":true},"in2DMode":false,"pivot":{"x":16.91098976135254,"y":-5.4529829025268559,"z":-4.334505081176758},"rotation":{"x":-0.10412276536226273,"y":-0.7840027213096619,"z":0.13684383034706117,"w":-0.5964858531951904},"size":22.0,"orthographic":false}